USE ALMACEN
--Insercion de datos en la tabla SUCURSAL

INSERT INTO SUCURSAL(IDSUCURSAL,NOMBRE_SUCURSAL,CIUDAD,DIRECTOR) 
	VALUES('P01','DORADO','PANAMA','JOSE GALLARDO')

INSERT INTO SUCURSAL(IDSUCURSAL,NOMBRE_SUCURSAL,CIUDAD,DIRECTOR) 
	VALUES('P02','ALBROOK','PANAMA','MARIANA VÁSQUEZ')

INSERT INTO SUCURSAL(IDSUCURSAL,NOMBRE_SUCURSAL,CIUDAD,DIRECTOR) 
	VALUES('P03','COSTA DEL ESTE','PANAMA','CARLOS FERNANDEZ')

INSERT INTO SUCURSAL(IDSUCURSAL,NOMBRE_SUCURSAL,CIUDAD,DIRECTOR) 
	VALUES('P04','COSTA VERDE','PANAMA OESTE','PANCRACIA PEREZ')

INSERT INTO SUCURSAL(IDSUCURSAL,NOMBRE_SUCURSAL,CIUDAD,DIRECTOR) 
	VALUES('P05','ONDGO','PANAMA OESTE','SIRIA CARDENAS')

INSERT INTO SUCURSAL(IDSUCURSAL,NOMBRE_SUCURSAL,CIUDAD,DIRECTOR) 
	VALUES('P06','PASEO','PANAMA OESTE','CARLOS MARTINEZ')


-- Insercion de datos en la tabla VENDEDOR

INSERT INTO VENDEDOR(IDVENDEDOR,APELLIDO,NOMBRE,CIUDAD,EDAD,CATEGORIA,SALARIO,IDSUCURSAL)
	VALUES('01','SÁNCHEZ','JORGE','PANAMÁ OESTE','25','A-3',1700.0000, 'P05')

INSERT INTO VENDEDOR(IDVENDEDOR,APELLIDO,NOMBRE,CIUDAD,EDAD,CATEGORIA,SALARIO,IDSUCURSAL)
	VALUES('02','MARTÍNEZ','JULIÁN','COLÓN','39','A-5',2000.0000, 'P02')

INSERT INTO VENDEDOR(IDVENDEDOR,APELLIDO,NOMBRE,CIUDAD,EDAD,CATEGORIA,SALARIO,IDSUCURSAL)
	VALUES('03','GONZÁLEZ','MARGARITO','PANAMÁ','27','A-3',1700.0000, 'P03')

INSERT INTO VENDEDOR(IDVENDEDOR,APELLIDO,NOMBRE,CIUDAD,EDAD,CATEGORIA, SALARIO,IDSUCURSAL)
	VALUES('04','PIELDELOBO','JOSEFINO','PANAMÁ OESTE','42','A-4',1850.00000, 'P01')

INSERT INTO VENDEDOR(IDVENDEDOR,APELLIDO,NOMBRE,CIUDAD,EDAD,CATEGORIA,SALARIO,IDSUCURSAL)
	VALUES('05','PECHOABIERTO','TOROMBOLO','COLÓN','35','A-5',2000.0000, 'P04')

INSERT INTO VENDEDOR(IDVENDEDOR,APELLIDO,NOMBRE,CIUDAD,EDAD,CATEGORIA, SALARIO,IDSUCURSAL)
	VALUES('06','RAJADO','TORRENCIO','Panama','29','A-4', 1665.0000, 'P06')

INSERT INTO VENDEDOR(IDVENDEDOR,APELLIDO,NOMBRE,CIUDAD,EDAD,CATEGORIA, SALARIO,IDSUCURSAL)
	VALUES('07','TORO','CONCHA','COLÓN','33','A-3',1250.0000,'P04')


--Insercion de datos en la tabla PRODUCTO

INSERT INTO PRODUCTO(IDPRODUCTO,MARCA,MODELO,DESCRIPCCIÓN,CANTIDAD,PRECIO)
	VALUES('A03','DELL','INSPIRON 153567','LAPTOP','12','605.0000')
	
INSERT INTO PRODUCTO(IDPRODUCTO,MARCA,MODELO,DESCRIPCCIÓN,CANTIDAD,PRECIO)
	VALUES('A04','DELL','INSPIRON A6922','LAPTOP','17','875.0000')

INSERT INTO PRODUCTO(IDPRODUCTO,MARCA,MODELO,DESCRIPCCIÓN,CANTIDAD,PRECIO)
	VALUES('T05','TOSHIBA','DYNABOOK TECRA','LAPTOP','15','1589.0000')

INSERT INTO PRODUCTO(IDPRODUCTO,MARCA,MODELO,DESCRIPCCIÓN,CANTIDAD,PRECIO)
	VALUES('H01','HP','STREAM H-Y020','LAPTOP','7','679.0000')

INSERT INTO PRODUCTO(IDPRODUCTO,MARCA,MODELO,DESCRIPCCIÓN,CANTIDAD,PRECIO)
	VALUES('L03','LENOVO','IDEAPAD 4183','LAPTOP','12','685.0000')

INSERT INTO PRODUCTO(IDPRODUCTO,MARCA,MODELO,DESCRIPCCIÓN,CANTIDAD,PRECIO)
	VALUES('P29','TRENDNET','TC-24C6','PANEL','10','452.5878')

INSERT INTO PRODUCTO(IDPRODUCTO,MARCA,MODELO,DESCRIPCCIÓN,CANTIDAD,PRECIO)
	VALUES('S02','DELL','POWER EDGE','SERVIDOR','6','3500.0000')



--Insercion de datos en la tabla CLIENTE

INSERT INTO CLIENTE(IDCLIENTE,APELLIDO,NOMBRE,CIUDAD,EMAIL, DIRECCION, TIPO_CLIENTE,IDVENDEDOR,FECHA_NAC)
	VALUES('C01','MILAN','CARLOS','SANTIAGO','CMILAN@GMAIL.COM', 'LA PRIMAVERA', 'A1','01','1979-01-02')

INSERT INTO CLIENTE(IDCLIENTE,APELLIDO,NOMBRE,CIUDAD,EMAIL,DIRECCION,TIPO_CLIENTE,IDVENDEDOR,FECHA_NAC)
	VALUES('C02','TRUENO','MARITZA','COLÓN','MTRUENO@GMAIL.COM', '4 ALTOS', 'A2','02','1968-11-03')

INSERT INTO CLIENTE(IDCLIENTE,APELLIDO,NOMBRE,CIUDAD,EMAIL,DIRECCION,TIPO_CLIENTE,IDVENDEDOR,FECHA_NAC)
	VALUES('C03','CREMENTO','ALEX','SANTIAGO','ALCREME@GMAIL.COM', 'EL UVITO','A1','03','1958-07-28')

INSERT INTO CLIENTE(IDCLIENTE,APELLIDO,NOMBRE,CIUDAD,EMAIL,DIRECCION,TIPO_CLIENTE,IDVENDEDOR,FECHA_NAC)
	VALUES('C04','SOLIS','PANTALEONA','PANAMÁ','PANTESOL@GMAIL.COM', 'COSTA DEL ESTE','A1','04','1999-06-01')

INSERT INTO CLIENTE(IDCLIENTE,APELLIDO,NOMBRE,CIUDAD,EMAIL,DIRECCION,TIPO_CLIENTE,IDVENDEDOR,FECHA_NAC)
	VALUES('C05','CAMPBELL','DEBORA','PANAMÁ OESTE','DEBORACAMB@GMAIL.COM', 'VALLE DORADO','B1','05','1985-08-03')

INSERT INTO CLIENTE(IDCLIENTE,APELLIDO,NOMBRE,CIUDAD,EMAIL,DIRECCION,TIPO_CLIENTE,IDVENDEDOR,FECHA_NAC)
	VALUES('C06','MUÑOZ','ERNESTO','PANAMÁ OESTE','EMUNOZ@GMAIL.COM','SAN ANTONIO','B2','06','1977-01-01')


--Insercion de datos a la tabla VENTA

INSERT INTO VENTA(NOFACTURA,FECHA_FACT,TOTAL,IDCLIENTE,IDPRODUCTO,IDVENDEDOR)
	VALUES('2445','2021-12-28',895.0000,'C02','H01','02')

INSERT INTO VENTA(NOFACTURA,FECHA_FACT,TOTAL,IDCLIENTE,IDPRODUCTO,IDVENDEDOR)
	VALUES('2571','2022-03-22',2569.7000,'C06','A03','06')

INSERT INTO VENTA(NOFACTURA,FECHA_FACT,TOTAL,IDCLIENTE,IDPRODUCTO,IDVENDEDOR)
	VALUES('2956','2022-04-03',615.2500,'C03','L03','03')

INSERT INTO VENTA(NOFACTURA,FECHA_FACT,TOTAL,IDCLIENTE,IDPRODUCTO,IDVENDEDOR)
	VALUES('2945','2022-05-06',1605.0000,'C01','T05','01')

INSERT INTO VENTA(NOFACTURA,FECHA_FACT,TOTAL,IDCLIENTE,IDPRODUCTO,IDVENDEDOR)
	VALUES('2960','2022-03-19',4500.0000,'C04','S02','04')

INSERT INTO VENTA(NOFACTURA,FECHA_FACT,TOTAL,IDCLIENTE,IDPRODUCTO,IDVENDEDOR)
	VALUES('2962','2022-06-24',1895.7500,'C05','L03','05')

